downsample,survival,pop_size,num_generations_before_success,total_time,time_per_generation
8,0.2,50,60,1670.9350941181183,27.848918235301973
8,0.2,100,7,465.58556604385376,66.51222372055054
8,0.2,200,54,6602.0864934921265,122.26086099059494
8,0.2,400,17,4651.356085777283,273.60918151631074
8,0.05,100,25,1503.7359211444855,60.14943684577942
