downsample,survival,pop_size,num_generations_before_success,total_time,time_per_generation
8,0.05,100,94,5141.129001617432,54.69286171933438
8,0.1,100,17,1094.4774518013,64.38102657654706
8,0.15000000000000002,100,31,1767.0956802368164,57.003086459252145
8,0.2,100,42,2449.798940181732,58.328546194803145
8,0.25,100,23,1446.2502710819244,62.88044656877933
8,0.3,100,30,1864.4595193862915,62.14865064620972
